<?xml version="1.0" encoding="UTF-8"?>
<ejb-jar xmlns="http://java.sun.com/xml/ns/javaee"
         xmlns:xsi="http://www.w3.org/2001/XMLSchema-instance"
         xsi:schemaLocation="http://java.sun.com/xml/ns/javaee http://java.sun.com/xml/ns/javaee/ejb-jar_3_1.xsd"
         version="3.1">
  <enterprise-beans>
    <message-driven>
      <ejb-name>DiffServiceMDB</ejb-name>
      <ejb-class>org.dcm4chee.arc.diff.impl.DiffServiceMDB</ejb-class>
      <activation-config>
        <activation-config-property>
          <activation-config-property-name>destinationType</activation-config-property-name>
          <activation-config-property-value>javax.jms.Queue</activation-config-property-value>
        </activation-config-property>
        <activation-config-property>
          <activation-config-property-name>destination</activation-config-property-name>
          <activation-config-property-value>jms/queue/DiffTasks</activation-config-property-value>
        </activation-config-property>
        <activation-config-property>
          <activation-config-property-name>maxSession</activation-config-property-name>
          <activation-config-property-value>${jms.queue.DiffTasks.consumer-count:1}</activation-config-property-value>
        </activation-config-property>
      </activation-config>
    </message-driven>
  </enterprise-beans>
  <assembly-descriptor>
    <application-exception>
      <exception-class>org.dcm4che3.net.service.DicomServiceException</exception-class>
      <rollback>true</rollback>
    </application-exception>
  </assembly-descriptor>
</ejb-jar>
