<?xml version="1.0" encoding="UTF-8"?>
<!--
  ~ **** BEGIN LICENSE BLOCK *****
  ~ Version: MPL 1.1/GPL 2.0/LGPL 2.1
  ~
  ~ The contents of this file are subject to the Mozilla Public License Version
  ~ 1.1 (the "License"); you may not use this file except in compliance with
  ~ the License. You may obtain a copy of the License at
  ~ http://www.mozilla.org/MPL/
  ~
  ~ Software distributed under the License is distributed on an "AS IS" basis,
  ~ WITHOUT WARRANTY OF ANY KIND, either express or implied. See the License
  ~ for the specific language governing rights and limitations under the
  ~ License.
  ~
  ~ The Original Code is part of dcm4che, an implementation of DICOM(TM) in
  ~ Java(TM), hosted at https://github.com/dcm4che.
  ~
  ~ The Initial Developer of the Original Code is
  ~ J4Care.
  ~ Portions created by the Initial Developer are Copyright (C) 2015
  ~ the Initial Developer. All Rights Reserved.
  ~
  ~ Contributor(s):
  ~ See @authors listed below
  ~
  ~ Alternatively, the contents of this file may be used under the terms of
  ~ either the GNU General Public License Version 2 or later (the "GPL"), or
  ~ the GNU Lesser General Public License Version 2.1 or later (the "LGPL"),
  ~ in which case the provisions of the GPL or the LGPL are applicable instead
  ~ of those above. If you wish to allow use of your version of this file only
  ~ under the terms of either the GPL or the LGPL, and not to allow others to
  ~ use your version of this file under the terms of the MPL, indicate your
  ~ decision by deleting the provisions above and replace them with the notice
  ~ and other provisions required by the GPL or the LGPL. If you do not delete
  ~ the provisions above, a recipient may use your version of this file under
  ~ the terms of any one of the MPL, the GPL or the LGPL.
  ~
  ~ **** END LICENSE BLOCK *****
  -->

<entity-mappings xmlns="http://xmlns.jcp.org/xml/ns/persistence/orm" version="2.1">

  <package>org.dcm4chee.arc.entity</package>

  <access>FIELD</access>

  <entity class="org.dcm4chee.arc.entity.AttributesBlob">
    <sequence-generator name="dicomattrs_pk_seq" sequence-name="dicomattrs_pk_seq" allocation-size="1"/>
    <attributes>
      <id name="pk">
        <column name="pk"/>
        <generated-value strategy="SEQUENCE" generator="dicomattrs_pk_seq"/>
      </id>
      <basic name="encodedAttributes" optional="false">
        <column name="attrs" column-definition="${blob}"/>
      </basic>
    </attributes>
  </entity>

  <entity class="org.dcm4chee.arc.entity.UIDMap">
    <sequence-generator name="uidmap_pk_seq" sequence-name="uidmap_pk_seq" allocation-size="1"/>
    <attributes>
      <id name="pk">
        <column name="pk"/>
        <generated-value strategy="SEQUENCE" generator="uidmap_pk_seq"/>
      </id>
      <basic name="encodedMap" optional="false">
        <column name="uidmap" column-definition="${blob}"/>
      </basic>
    </attributes>
  </entity>

  <entity class="org.dcm4chee.arc.entity.CodeEntity">
    <sequence-generator name="code_pk_seq" sequence-name="code_pk_seq" allocation-size="1"/>
    <attributes>
      <id name="pk">
        <column name="pk"/>
        <generated-value strategy="SEQUENCE" generator="code_pk_seq"/>
      </id>
    </attributes>
  </entity>

  <entity class="org.dcm4chee.arc.entity.ContentItem">
    <sequence-generator name="content_item_pk_seq" sequence-name="content_item_pk_seq" allocation-size="1"/>
    <attributes>
      <id name="pk">
        <column name="pk"/>
        <generated-value strategy="SEQUENCE" generator="content_item_pk_seq"/>
      </id>
    </attributes>
  </entity>

  <entity class="org.dcm4chee.arc.entity.ExportTask">
    <sequence-generator name="export_task_pk_seq" sequence-name="export_task_pk_seq" allocation-size="1"/>
    <attributes>
      <id name="pk">
        <column name="pk"/>
        <generated-value strategy="SEQUENCE" generator="export_task_pk_seq"/>
      </id>
    </attributes>
  </entity>

  <entity class="org.dcm4chee.arc.entity.RetrieveTask">
    <sequence-generator name="retrieve_task_pk_seq" sequence-name="retrieve_task_pk_seq" allocation-size="1"/>
    <attributes>
      <id name="pk">
        <column name="pk"/>
        <generated-value strategy="SEQUENCE" generator="retrieve_task_pk_seq"/>
      </id>
    </attributes>
  </entity>

  <entity class="org.dcm4chee.arc.entity.DiffTask">
    <sequence-generator name="diff_task_pk_seq" sequence-name="diff_task_pk_seq" allocation-size="1"/>
    <attributes>
      <id name="pk">
        <column name="pk"/>
        <generated-value strategy="SEQUENCE" generator="diff_task_pk_seq"/>
      </id>
    </attributes>
  </entity>

  <entity class="org.dcm4chee.arc.entity.IanTask">
    <sequence-generator name="ian_task_pk_seq" sequence-name="ian_task_pk_seq" allocation-size="1"/>
    <attributes>
      <id name="pk">
        <column name="pk"/>
        <generated-value strategy="SEQUENCE" generator="ian_task_pk_seq"/>
      </id>
    </attributes>
  </entity>

  <entity class="org.dcm4chee.arc.entity.HL7PSUTask">
    <sequence-generator name="hl7psu_task_pk_seq" sequence-name="hl7psu_task_pk_seq" allocation-size="1"/>
    <attributes>
      <id name="pk">
        <column name="pk"/>
        <generated-value strategy="SEQUENCE" generator="hl7psu_task_pk_seq"/>
      </id>
    </attributes>
  </entity>

  <entity class="org.dcm4chee.arc.entity.Instance">
    <sequence-generator name="instance_pk_seq" sequence-name="instance_pk_seq" allocation-size="1"/>
    <attributes>
      <id name="pk">
        <column name="pk"/>
        <generated-value strategy="SEQUENCE" generator="instance_pk_seq"/>
      </id>
    </attributes>
  </entity>

  <entity class="org.dcm4chee.arc.entity.IssuerEntity">
    <sequence-generator name="issuer_pk_seq" sequence-name="issuer_pk_seq" allocation-size="1"/>
    <attributes>
      <id name="pk">
        <column name="pk"/>
        <generated-value strategy="SEQUENCE" generator="issuer_pk_seq"/>
      </id>
    </attributes>
  </entity>

  <entity class="org.dcm4chee.arc.entity.Location">
    <sequence-generator name="location_pk_seq" sequence-name="location_pk_seq" allocation-size="1"/>
    <attributes>
      <id name="pk">
        <column name="pk"/>
        <generated-value strategy="SEQUENCE" generator="location_pk_seq"/>
      </id>
    </attributes>
  </entity>

  <entity class="org.dcm4chee.arc.entity.Metadata">
    <sequence-generator name="metadata_pk_seq" sequence-name="metadata_pk_seq" allocation-size="1"/>
    <attributes>
      <id name="pk">
        <column name="pk"/>
        <generated-value strategy="SEQUENCE" generator="metadata_pk_seq"/>
      </id>
    </attributes>
  </entity>

  <entity class="org.dcm4chee.arc.entity.MPPS">
    <sequence-generator name="mpps_pk_seq" sequence-name="mpps_pk_seq" allocation-size="1"/>
    <attributes>
      <id name="pk">
        <column name="pk"/>
        <generated-value strategy="SEQUENCE" generator="mpps_pk_seq"/>
      </id>
    </attributes>
  </entity>

  <entity class="org.dcm4chee.arc.entity.MWLItem">
    <sequence-generator name="mwl_item_pk_seq" sequence-name="mwl_item_pk_seq" allocation-size="1"/>
    <attributes>
      <id name="pk">
        <column name="pk"/>
        <generated-value strategy="SEQUENCE" generator="mwl_item_pk_seq"/>
      </id>
    </attributes>
  </entity>

  <entity class="org.dcm4chee.arc.entity.Patient">
    <sequence-generator name="patient_pk_seq" sequence-name="patient_pk_seq" allocation-size="1"/>
    <attributes>
      <id name="pk">
        <column name="pk"/>
        <generated-value strategy="SEQUENCE" generator="patient_pk_seq"/>
      </id>
    </attributes>
  </entity>

  <entity class="org.dcm4chee.arc.entity.PatientID">
    <sequence-generator name="patient_id_pk_seq" sequence-name="patient_id_pk_seq" allocation-size="1"/>
    <attributes>
      <id name="pk">
        <column name="pk"/>
        <generated-value strategy="SEQUENCE" generator="patient_id_pk_seq"/>
      </id>
    </attributes>
  </entity>

  <entity class="org.dcm4chee.arc.entity.PersonName">
    <sequence-generator name="person_name_pk_seq" sequence-name="person_name_pk_seq" allocation-size="1"/>
    <attributes>
      <id name="pk">
        <column name="pk"/>
        <generated-value strategy="SEQUENCE" generator="person_name_pk_seq"/>
      </id>
      <basic name="familyName">
        <column name="family_name" column-definition="nvarchar2(255)"/>
      </basic>
      <basic name="givenName">
        <column name="given_name" column-definition="nvarchar2(255)"/>
      </basic>
      <basic name="middleName">
        <column name="middle_name" column-definition="nvarchar2(255)"/>
      </basic>
      <basic name="namePrefix">
        <column name="name_prefix" column-definition="nvarchar2(255)"/>
      </basic>
      <basic name="nameSuffix">
        <column name="name_suffix" column-definition="nvarchar2(255)"/>
      </basic>
      <basic name="ideographicFamilyName">
        <column name="i_family_name" column-definition="nvarchar2(255)"/>
      </basic>
      <basic name="ideographicGivenName">
        <column name="i_given_name" column-definition="nvarchar2(255)"/>
      </basic>
      <basic name="ideographicMiddleName">
        <column name="i_middle_name" column-definition="nvarchar2(255)"/>
      </basic>
      <basic name="ideographicNamePrefix">
        <column name="i_name_prefix" column-definition="nvarchar2(255)"/>
      </basic>
      <basic name="ideographicNameSuffix">
        <column name="i_name_suffix" column-definition="nvarchar2(255)"/>
      </basic>
      <basic name="phoneticFamilyName">
        <column name="p_family_name" column-definition="nvarchar2(255)"/>
      </basic>
      <basic name="phoneticGivenName">
        <column name="p_given_name" column-definition="nvarchar2(255)"/>
      </basic>
      <basic name="phoneticMiddleName">
        <column name="p_middle_name" column-definition="nvarchar2(255)"/>
      </basic>
      <basic name="phoneticNamePrefix">
        <column name="p_name_prefix" column-definition="nvarchar2(255)"/>
      </basic>
      <basic name="phoneticNameSuffix">
        <column name="p_name_suffix" column-definition="nvarchar2(255)"/>
      </basic>
    </attributes>
  </entity>

  <entity class="org.dcm4chee.arc.entity.QueueMessage">
    <sequence-generator name="queue_msg_pk_seq" sequence-name="queue_msg_pk_seq" allocation-size="1"/>
    <attributes>
      <id name="pk">
        <column name="pk"/>
        <generated-value strategy="SEQUENCE" generator="queue_msg_pk_seq"/>
      </id>
      <basic name="messageBody" optional="false">
        <column name="msg_body" updatable="false" column-definition="${blob}"/>
      </basic>
    </attributes>
  </entity>

  <entity class="org.dcm4chee.arc.entity.RejectedInstance">
    <sequence-generator name="rejected_instance_pk_seq" sequence-name="rejected_instance_pk_seq" allocation-size="1"/>
    <attributes>
      <id name="pk">
        <column name="pk"/>
        <generated-value strategy="SEQUENCE" generator="rejected_instance_pk_seq"/>
      </id>
    </attributes>
  </entity>

  <entity class="org.dcm4chee.arc.entity.Series">
    <sequence-generator name="series_pk_seq" sequence-name="series_pk_seq" allocation-size="1"/>
    <attributes>
      <id name="pk">
        <column name="pk"/>
        <generated-value strategy="SEQUENCE" generator="series_pk_seq"/>
      </id>
      <basic name="institutionalDepartmentName" optional="false">
        <column name="department" column-definition="nvarchar2(255)" />
      </basic>
      <basic name="institutionName" optional="false">
        <column name="institution" column-definition="nvarchar2(255)" />
      </basic>
    </attributes>
  </entity>

  <entity class="org.dcm4chee.arc.entity.SeriesQueryAttributes">
    <sequence-generator name="series_query_attrs_pk_seq" sequence-name="series_query_attrs_pk_seq" allocation-size="1"/>
    <attributes>
      <id name="pk">
        <column name="pk"/>
        <generated-value strategy="SEQUENCE" generator="series_query_attrs_pk_seq"/>
      </id>
    </attributes>
  </entity>

  <entity class="org.dcm4chee.arc.entity.SeriesRequestAttributes">
    <sequence-generator name="series_req_pk_seq" sequence-name="series_req_pk_seq" allocation-size="1"/>
    <attributes>
      <id name="pk">
        <column name="pk"/>
        <generated-value strategy="SEQUENCE" generator="series_req_pk_seq"/>
      </id>
      <basic name="requestingService" optional="false">
        <column name="req_service" column-definition="nvarchar2(255)" />
      </basic>
    </attributes>
  </entity>

  <entity class="org.dcm4chee.arc.entity.SoundexCode">
    <sequence-generator name="soundex_code_pk_seq" sequence-name="soundex_code_pk_seq" allocation-size="1"/>
    <attributes>
      <id name="pk">
        <column name="pk"/>
        <generated-value strategy="SEQUENCE" generator="soundex_code_pk_seq"/>
      </id>
    </attributes>
  </entity>

  <entity class="org.dcm4chee.arc.entity.StgCmtResult">
    <sequence-generator name="stgcmt_result_pk_seq" sequence-name="stgcmt_result_pk_seq" allocation-size="1"/>
    <attributes>
      <id name="pk">
        <column name="pk"/>
        <generated-value strategy="SEQUENCE" generator="stgcmt_result_pk_seq"/>
      </id>
    </attributes>
  </entity>

  <entity class="StorageVerificationTask">
    <sequence-generator name="stgver_task_pk_seq" sequence-name="stgver_task_pk_seq" allocation-size="1"/>
    <attributes>
      <id name="pk">
        <column name="pk"/>
        <generated-value strategy="SEQUENCE" generator="stgver_task_pk_seq"/>
      </id>
    </attributes>
  </entity>

  <entity class="org.dcm4chee.arc.entity.Study">
    <sequence-generator name="study_pk_seq" sequence-name="study_pk_seq" allocation-size="1"/>
    <attributes>
      <id name="pk">
        <column name="pk"/>
        <generated-value strategy="SEQUENCE" generator="study_pk_seq"/>
      </id>
      <basic name="studyDescription" optional="false">
        <column name="study_desc" column-definition="nvarchar2(255)" />
      </basic>
    </attributes>
  </entity>

  <entity class="org.dcm4chee.arc.entity.StudyQueryAttributes">
    <sequence-generator name="study_query_attrs_pk_seq" sequence-name="study_query_attrs_pk_seq" allocation-size="1"/>
    <attributes>
      <id name="pk">
        <column name="pk"/>
        <generated-value strategy="SEQUENCE" generator="study_query_attrs_pk_seq"/>
      </id>
    </attributes>
  </entity>

  <entity class="org.dcm4chee.arc.entity.VerifyingObserver">
    <sequence-generator name="verify_observer_pk_seq" sequence-name="verify_observer_pk_seq" allocation-size="1"/>
    <attributes>
      <id name="pk">
        <column name="pk"/>
        <generated-value strategy="SEQUENCE" generator="verify_observer_pk_seq"/>
      </id>
    </attributes>
  </entity>

  <entity class="org.dcm4chee.arc.entity.UPS">
    <sequence-generator name="ups_pk_seq" sequence-name="ups_pk_seq" allocation-size="1"/>
    <attributes>
      <id name="pk">
        <column name="pk"/>
        <generated-value strategy="SEQUENCE" generator="ups_pk_seq"/>
      </id>
    </attributes>
  </entity>

  <entity class="org.dcm4chee.arc.entity.UPSRequest">
    <sequence-generator name="ups_request_pk_seq" sequence-name="ups_request_pk_seq" allocation-size="1"/>
    <attributes>
      <id name="pk">
        <column name="pk"/>
        <generated-value strategy="SEQUENCE" generator="ups_request_pk_seq"/>
      </id>
    </attributes>
  </entity>

  <entity class="org.dcm4chee.arc.entity.Subscription">
    <sequence-generator name="subscription_pk_seq" sequence-name="subscription_pk_seq" allocation-size="1"/>
    <attributes>
      <id name="pk">
        <column name="pk"/>
        <generated-value strategy="SEQUENCE" generator="subscription_pk_seq"/>
      </id>
    </attributes>
  </entity>

  <entity class="org.dcm4chee.arc.entity.GlobalSubscription">
    <sequence-generator name="global_subscription_pk_seq" sequence-name="global_subscription_pk_seq" allocation-size="1"/>
    <attributes>
      <id name="pk">
        <column name="pk"/>
        <generated-value strategy="SEQUENCE" generator="global_subscription_pk_seq"/>
      </id>
    </attributes>
  </entity>

</entity-mappings>
