<?xml version="1.0" encoding="UTF-8"?>
<ejb-jar xmlns="http://java.sun.com/xml/ns/javaee"
         xmlns:xsi="http://www.w3.org/2001/XMLSchema-instance"
         xsi:schemaLocation="http://java.sun.com/xml/ns/javaee http://java.sun.com/xml/ns/javaee/ejb-jar_3_1.xsd"
         version="3.1">
  <enterprise-beans>
    <message-driven>
      <ejb-name>ExportManagerMDB1</ejb-name>
      <ejb-class>org.dcm4chee.arc.export.mgt.impl.ExportManagerMDB</ejb-class>
      <activation-config>
        <activation-config-property>
          <activation-config-property-name>destinationType</activation-config-property-name>
          <activation-config-property-value>javax.jms.Queue</activation-config-property-value>
        </activation-config-property>
        <activation-config-property>
          <activation-config-property-name>destination</activation-config-property-name>
          <activation-config-property-value>jms/queue/Export1</activation-config-property-value>
        </activation-config-property>
        <activation-config-property>
          <activation-config-property-name>maxSession</activation-config-property-name>
          <activation-config-property-value>${jms.queue.Export1.consumer-count:1}</activation-config-property-value>
        </activation-config-property>
      </activation-config>
    </message-driven>
    <message-driven>
      <ejb-name>ExportManagerMDB2</ejb-name>
      <ejb-class>org.dcm4chee.arc.export.mgt.impl.ExportManagerMDB</ejb-class>
      <activation-config>
        <activation-config-property>
          <activation-config-property-name>destinationType</activation-config-property-name>
          <activation-config-property-value>javax.jms.Queue</activation-config-property-value>
        </activation-config-property>
        <activation-config-property>
          <activation-config-property-name>destination</activation-config-property-name>
          <activation-config-property-value>jms/queue/Export2</activation-config-property-value>
        </activation-config-property>
        <activation-config-property>
          <activation-config-property-name>maxSession</activation-config-property-name>
          <activation-config-property-value>${jms.queue.Export2.consumer-count:1}</activation-config-property-value>
        </activation-config-property>
      </activation-config>
    </message-driven>
    <message-driven>
      <ejb-name>ExportManagerMDB3</ejb-name>
      <ejb-class>org.dcm4chee.arc.export.mgt.impl.ExportManagerMDB</ejb-class>
      <activation-config>
        <activation-config-property>
          <activation-config-property-name>destinationType</activation-config-property-name>
          <activation-config-property-value>javax.jms.Queue</activation-config-property-value>
        </activation-config-property>
        <activation-config-property>
          <activation-config-property-name>destination</activation-config-property-name>
          <activation-config-property-value>jms/queue/Export3</activation-config-property-value>
        </activation-config-property>
        <activation-config-property>
          <activation-config-property-name>maxSession</activation-config-property-name>
          <activation-config-property-value>${jms.queue.Export3.consumer-count:1}</activation-config-property-value>
        </activation-config-property>
      </activation-config>
    </message-driven>
    <message-driven>
      <ejb-name>ExportManagerMDB4</ejb-name>
      <ejb-class>org.dcm4chee.arc.export.mgt.impl.ExportManagerMDB</ejb-class>
      <activation-config>
        <activation-config-property>
          <activation-config-property-name>destinationType</activation-config-property-name>
          <activation-config-property-value>javax.jms.Queue</activation-config-property-value>
        </activation-config-property>
        <activation-config-property>
          <activation-config-property-name>destination</activation-config-property-name>
          <activation-config-property-value>jms/queue/Export4</activation-config-property-value>
        </activation-config-property>
        <activation-config-property>
          <activation-config-property-name>maxSession</activation-config-property-name>
          <activation-config-property-value>${jms.queue.Export4.consumer-count:1}</activation-config-property-value>
        </activation-config-property>
      </activation-config>
    </message-driven>
    <message-driven>
      <ejb-name>ExportManagerMDB5</ejb-name>
      <ejb-class>org.dcm4chee.arc.export.mgt.impl.ExportManagerMDB</ejb-class>
      <activation-config>
        <activation-config-property>
          <activation-config-property-name>destinationType</activation-config-property-name>
          <activation-config-property-value>javax.jms.Queue</activation-config-property-value>
        </activation-config-property>
        <activation-config-property>
          <activation-config-property-name>destination</activation-config-property-name>
          <activation-config-property-value>jms/queue/Export5</activation-config-property-value>
        </activation-config-property>
        <activation-config-property>
          <activation-config-property-name>maxSession</activation-config-property-name>
          <activation-config-property-value>${jms.queue.Export5.consumer-count:1}</activation-config-property-value>
        </activation-config-property>
      </activation-config>
    </message-driven>
    <message-driven>
      <ejb-name>ExportManagerMDB6</ejb-name>
      <ejb-class>org.dcm4chee.arc.export.mgt.impl.ExportManagerMDB</ejb-class>
      <activation-config>
        <activation-config-property>
          <activation-config-property-name>destinationType</activation-config-property-name>
          <activation-config-property-value>javax.jms.Queue</activation-config-property-value>
        </activation-config-property>
        <activation-config-property>
          <activation-config-property-name>destination</activation-config-property-name>
          <activation-config-property-value>jms/queue/Export6</activation-config-property-value>
        </activation-config-property>
        <activation-config-property>
          <activation-config-property-name>maxSession</activation-config-property-name>
          <activation-config-property-value>${jms.queue.Export6.consumer-count:1}</activation-config-property-value>
        </activation-config-property>
      </activation-config>
    </message-driven>
    <message-driven>
      <ejb-name>ExportManagerMDB7</ejb-name>
      <ejb-class>org.dcm4chee.arc.export.mgt.impl.ExportManagerMDB</ejb-class>
      <activation-config>
        <activation-config-property>
          <activation-config-property-name>destinationType</activation-config-property-name>
          <activation-config-property-value>javax.jms.Queue</activation-config-property-value>
        </activation-config-property>
        <activation-config-property>
          <activation-config-property-name>destination</activation-config-property-name>
          <activation-config-property-value>jms/queue/Export7</activation-config-property-value>
        </activation-config-property>
        <activation-config-property>
          <activation-config-property-name>maxSession</activation-config-property-name>
          <activation-config-property-value>${jms.queue.Export7.consumer-count:1}</activation-config-property-value>
        </activation-config-property>
      </activation-config>
    </message-driven>
    <message-driven>
      <ejb-name>ExportManagerMDB8</ejb-name>
      <ejb-class>org.dcm4chee.arc.export.mgt.impl.ExportManagerMDB</ejb-class>
      <activation-config>
        <activation-config-property>
          <activation-config-property-name>destinationType</activation-config-property-name>
          <activation-config-property-value>javax.jms.Queue</activation-config-property-value>
        </activation-config-property>
        <activation-config-property>
          <activation-config-property-name>destination</activation-config-property-name>
          <activation-config-property-value>jms/queue/Export8</activation-config-property-value>
        </activation-config-property>
        <activation-config-property>
          <activation-config-property-name>maxSession</activation-config-property-name>
          <activation-config-property-value>${jms.queue.Export8.consumer-count:1}</activation-config-property-value>
        </activation-config-property>
      </activation-config>
    </message-driven>
    <message-driven>
      <ejb-name>ExportManagerMDB9</ejb-name>
      <ejb-class>org.dcm4chee.arc.export.mgt.impl.ExportManagerMDB</ejb-class>
      <activation-config>
        <activation-config-property>
          <activation-config-property-name>destinationType</activation-config-property-name>
          <activation-config-property-value>javax.jms.Queue</activation-config-property-value>
        </activation-config-property>
        <activation-config-property>
          <activation-config-property-name>destination</activation-config-property-name>
          <activation-config-property-value>jms/queue/Export9</activation-config-property-value>
        </activation-config-property>
        <activation-config-property>
          <activation-config-property-name>maxSession</activation-config-property-name>
          <activation-config-property-value>${jms.queue.Export9.consumer-count:1}</activation-config-property-value>
        </activation-config-property>
      </activation-config>
    </message-driven>
    <message-driven>
      <ejb-name>ExportManagerMDB10</ejb-name>
      <ejb-class>org.dcm4chee.arc.export.mgt.impl.ExportManagerMDB</ejb-class>
      <activation-config>
        <activation-config-property>
          <activation-config-property-name>destinationType</activation-config-property-name>
          <activation-config-property-value>javax.jms.Queue</activation-config-property-value>
        </activation-config-property>
        <activation-config-property>
          <activation-config-property-name>destination</activation-config-property-name>
          <activation-config-property-value>jms/queue/Export10</activation-config-property-value>
        </activation-config-property>
        <activation-config-property>
          <activation-config-property-name>maxSession</activation-config-property-name>
          <activation-config-property-value>${jms.queue.Export10.consumer-count:1}</activation-config-property-value>
        </activation-config-property>
      </activation-config>
    </message-driven>
  </enterprise-beans>
  <assembly-descriptor>
    <application-exception>
      <exception-class>org.dcm4che3.net.service.DicomServiceException</exception-class>
      <rollback>true</rollback>
    </application-exception>
  </assembly-descriptor>
</ejb-jar>
