<?xml version="1.0" encoding="UTF-8"?>
<!--
  ~ **** BEGIN LICENSE BLOCK *****
  ~ Version: MPL 1.1/GPL 2.0/LGPL 2.1
  ~
  ~ The contents of this file are subject to the Mozilla Public License Version
  ~ 1.1 (the "License"); you may not use this file except in compliance with
  ~ the License. You may obtain a copy of the License at
  ~ http://www.mozilla.org/MPL/
  ~
  ~ Software distributed under the License is distributed on an "AS IS" basis,
  ~ WITHOUT WARRANTY OF ANY KIND, either express or implied. See the License
  ~ for the specific language governing rights and limitations under the
  ~ License.
  ~
  ~ The Original Code is part of dcm4che, an implementation of DICOM(TM) in
  ~ Java(TM), hosted at https://github.com/dcm4che.
  ~
  ~ The Initial Developer of the Original Code is
  ~ J4Care.
  ~ Portions created by the Initial Developer are Copyright (C) 2015
  ~ the Initial Developer. All Rights Reserved.
  ~
  ~ Contributor(s):
  ~ See @authors listed below
  ~
  ~ Alternatively, the contents of this file may be used under the terms of
  ~ either the GNU General Public License Version 2 or later (the "GPL"), or
  ~ the GNU Lesser General Public License Version 2.1 or later (the "LGPL"),
  ~ in which case the provisions of the GPL or the LGPL are applicable instead
  ~ of those above. If you wish to allow use of your version of this file only
  ~ under the terms of either the GPL or the LGPL, and not to allow others to
  ~ use your version of this file under the terms of the MPL, indicate your
  ~ decision by deleting the provisions above and replace them with the notice
  ~ and other provisions required by the GPL or the LGPL. If you do not delete
  ~ the provisions above, a recipient may use your version of this file under
  ~ the terms of any one of the MPL, the GPL or the LGPL.
  ~
  ~ **** END LICENSE BLOCK *****
  -->

<assembly
  xmlns="http://maven.apache.org/plugins/maven-assembly-plugin/assembly/1.1.0"
  xmlns:xsi="http://www.w3.org/2001/XMLSchema-instance"
  xsi:schemaLocation="http://maven.apache.org/plugins/maven-assembly-plugin/assembly/1.1.0 http://maven.apache.org/xsd/assembly-1.1.0.xsd">
  <id>${classifier}</id>
  <formats>
    <format>zip</format>
  </formats>
  <baseDirectory>dcm4chee-arc-${project.version}-${classifier}</baseDirectory>
  <fileSets>
    <fileSet>
      <directory>${basedir}/src/main/resources</directory>
      <outputDirectory>.</outputDirectory>
      <includes>
        <include>cli/add-data-source-${db}.cli</include>
        <include>cli/add-jms-queues.cli</include>
        <include>configuration/dcm4chee-arc/ldap.properties</include>
        <include>ldap/**</include>
        <include>rs/**</include>
      </includes>
      <lineEnding>dos</lineEnding>
      <filtered>true</filtered>
    </fileSet>
    <fileSet>
      <directory>${basedir}/src/main/resources</directory>
      <outputDirectory>.</outputDirectory>
      <includes>
        <include>configuration/dcm4chee-arc/key.jks</include>
        <include>configuration/dcm4chee-arc/cacerts.jks</include>
      </includes>
      <lineEnding>keep</lineEnding>
    </fileSet>
  </fileSets>
  <dependencySets>
    <dependencySet>
      <outputDirectory>deploy</outputDirectory>
      <includes>
        <include>org.dcm4che.dcm4chee-arc:dcm4chee-arc-ear</include>
      </includes>
      <useProjectArtifact>false</useProjectArtifact>
    </dependencySet>
    <dependencySet>
      <outputDirectory>ldap</outputDirectory>
      <outputFileNameMapping>vendor-data.zip</outputFileNameMapping>
      <includes>
        <include>org.dcm4che.dcm4chee-arc:dcm4chee-arc-conf-data</include>
      </includes>
      <useProjectArtifact>false</useProjectArtifact>
    </dependencySet>
    <dependencySet>
      <outputDirectory>jboss-modules</outputDirectory>
      <includes>
        <include>org.dcm4che:dcm4che-jboss-modules</include>
        <include>org.dcm4che:ecs-object-client-jboss-modules</include>
        <include>org.dcm4che:jdbc-jboss-modules-${db}</include>
        <include>org.dcm4che:jclouds-jboss-modules</include>
        <include>org.dcm4che:jai_imageio-jboss-modules</include>
      </includes>
      <useProjectArtifact>false</useProjectArtifact>
    </dependencySet>
    <dependencySet>
      <outputDirectory>.</outputDirectory>
      <includes>
        <include>org.dcm4che:dcm4che-conf-ldap-schema</include>
        <include>org.dcm4che.dcm4chee-arc:dcm4chee-arc-entity</include>
      </includes>
      <unpack>true</unpack>
      <unpackOptions>
        <excludes>
          <exclude>META-INF/**</exclude>
        </excludes>
        <lineEnding>dos</lineEnding>
      </unpackOptions>
      <useProjectArtifact>false</useProjectArtifact>
    </dependencySet>
  </dependencySets>
</assembly>
